SPAN,PROVIDER_CODE,PROVIDER_NAME,REGION,TOTAL_ATTENDANCES,SEEN_WITHIN_4HRS,OVER_4HRS,PCT_WITHIN_4HRS,PERFORMANCE_GAP,TARGET_MET,PATIENTS_FAILED
2022_23,R0A,MANCHESTER UNIVERSITY NHS FOUNDATION TRUST,North West,330344,142927,187417,43.3,51.7,NO,187417
2022_23,R0B,SOUTH TYNESIDE AND SUNDERLAND NHS FOUNDATION TRUST,North East and Yorkshire,143884,81619,62265,56.7,38.3,NO,62265
2022_23,R1F,ISLE OF WIGHT NHS TRUST,South East,42128,25762,16366,61.2,33.9,NO,16366
2022_23,R1H,BARTS HEALTH NHS TRUST,London,284779,153549,131230,53.9,41.1,NO,131230
2022_23,R1K,LONDON NORTH WEST UNIVERSITY HEALTHCARE NHS TRUST,London,147725,76847,70878,52,43,NO,70878
2022_23,RA2,ROYAL SURREY COUNTY HOSPITAL NHS FOUNDATION TRUST,South East,78403,43296,35107,55.2,39.8,NO,35107
2022_23,RA4,YEOVIL DISTRICT HOSPITAL NHS FOUNDATION TRUST,South West,66631,48733,17898,73.1,21.9,NO,17898
2022_23,RA7,UNIVERSITY HOSPITALS BRISTOL AND WESTON NHS FOUNDATION TRUST,South West,168811,94240,74571,55.8,39.2,NO,74571
2022_23,RA9,TORBAY AND SOUTH DEVON NHS FOUNDATION TRUST,South West,68253,24890,43363,36.5,58.5,NO,43363
2022_23,RAE,BRADFORD TEACHING HOSPITALS NHS FOUNDATION TRUST,North East and Yorkshire,126858,88761,38097,70,25,NO,38097
2022_23,RAJ,MID AND SOUTH ESSEX NHS FOUNDATION TRUST,East of England,356712,223128,133584,62.6,32.5,NO,133584
2022_23,RAL,ROYAL FREE LONDON NHS FOUNDATION TRUST,London,251237,146108,105129,58.2,36.8,NO,105129
2022_23,RAP,NORTH MIDDLESEX UNIVERSITY HOSPITAL NHS TRUST,London,108502,53454,55048,49.3,45.7,NO,55048
2022_23,RAS,THE HILLINGDON HOSPITALS NHS FOUNDATION TRUST,London,71589,31446,40143,43.9,51.1,NO,40143
2022_23,RAX,KINGSTON HOSPITAL NHS FOUNDATION TRUST,London,86725,48636,38089,56.1,38.9,NO,38089
2022_23,RBD,DORSET COUNTY HOSPITAL NHS FOUNDATION TRUST,South West,51310,27402,23908,53.4,41.6,NO,23908
2022_23,RBK,WALSALL HEALTHCARE NHS TRUST,Midlands,96596,59564,37032,61.7,33.3,NO,37032
2022_23,RBL,WIRRAL UNIVERSITY TEACHING HOSPITAL NHS FOUNDATION TRUST,North West,93894,48194,45700,51.3,43.7,NO,45700
2022_23,RBN,ST HELENS AND KNOWSLEY TEACHING HOSPITALS NHS TRUST,North West,116596,54517,62079,46.8,48.2,NO,62079
2022_23,RBS,ALDER HEY CHILDREN'S NHS FOUNDATION TRUST,North West,68162,50763,17399,74.5,20.5,NO,17399
2022_23,RBT,MID CHESHIRE HOSPITALS NHS FOUNDATION TRUST,North West,81797,35873,45924,43.9,51.1,NO,45924
2022_23,RCB,YORK AND SCARBOROUGH TEACHING HOSPITALS NHS FOUNDATION TRUST,North East and Yorkshire,111412,52555,58857,47.2,47.8,NO,58857
2022_23,RCD,HARROGATE AND DISTRICT NHS FOUNDATION TRUST,North East and Yorkshire,54033,34999,19034,64.8,30.2,NO,19034
2022_23,RCF,AIREDALE NHS FOUNDATION TRUST,North East and Yorkshire,70135,38880,31255,55.4,39.6,NO,31255
2022_23,RCU,SHEFFIELD CHILDREN'S NHS FOUNDATION TRUST,North East and Yorkshire,62691,55807,6884,89,6,NO,6884
2022_23,RCX,"THE QUEEN ELIZABETH HOSPITAL, KING'S LYNN, NHS FOUNDATION TRUST",East of England,84014,49384,34630,58.8,36.2,NO,34630
2022_23,RD1,ROYAL UNITED HOSPITALS BATH NHS FOUNDATION TRUST,South West,92914,51030,41884,54.9,40.1,NO,41884
2022_23,RD8,MILTON KEYNES UNIVERSITY HOSPITAL NHS FOUNDATION TRUST,Midlands,101445,69622,31823,68.6,26.4,NO,31823
2022_23,RDE,EAST SUFFOLK AND NORTH ESSEX NHS FOUNDATION TRUST,East of England,171009,91325,79684,53.4,41.6,NO,79684
2022_23,REF,ROYAL CORNWALL HOSPITALS NHS TRUST,South West,68418,29453,38965,43.1,52,NO,38965
2022_23,REM,LIVERPOOL UNIVERSITY HOSPITALS NHS FOUNDATION TRUST,North West,204107,106237,97870,52.1,43,NO,97870
2022_23,RF4,"BARKING, HAVERING AND REDBRIDGE UNIVERSITY HOSPITALS NHS TRUST",London,144278,45743,98535,31.7,63.3,NO,98535
2022_23,RFF,BARNSLEY HOSPITAL NHS FOUNDATION TRUST,North East and Yorkshire,101629,62823,38806,61.8,33.2,NO,38806
2022_23,RFS,CHESTERFIELD ROYAL HOSPITAL NHS FOUNDATION TRUST,Midlands,45771,23002,22769,50.3,44.8,NO,22769
2022_23,RGN,NORTH WEST ANGLIA NHS FOUNDATION TRUST,East of England,146181,68876,77305,47.1,47.9,NO,77305
2022_23,RGP,JAMES PAGET UNIVERSITY HOSPITALS NHS FOUNDATION TRUST,East of England,77065,47254,29811,61.3,33.7,NO,29811
2022_23,RH5,SOMERSET NHS FOUNDATION TRUST,South West,79404,39034,40370,49.2,45.8,NO,40370
2022_23,RH8,ROYAL DEVON UNIVERSITY HEALTHCARE NHS FOUNDATION TRUST,South West,145240,75383,69857,51.9,43.1,NO,69857
2022_23,RHM,UNIVERSITY HOSPITAL SOUTHAMPTON NHS FOUNDATION TRUST,South East,135214,83843,51371,62,33,NO,51371
2022_23,RHQ,SHEFFIELD TEACHING HOSPITALS NHS FOUNDATION TRUST,North East and Yorkshire,108106,54018,54088,50,45,NO,54088
2022_23,RHW,ROYAL BERKSHIRE NHS FOUNDATION TRUST,South East,147965,97126,50839,65.6,29.4,NO,50839
2022_23,RJ1,GUY'S AND ST THOMAS' NHS FOUNDATION TRUST,London,152307,102797,49510,67.5,27.5,NO,49510
2022_23,RJ2,LEWISHAM AND GREENWICH NHS TRUST,London,168431,87080,81351,51.7,43.3,NO,81351
2022_23,RJ6,CROYDON HEALTH SERVICES NHS TRUST,London,149749,95232,54517,63.6,31.4,NO,54517
2022_23,RJ7,ST GEORGE'S UNIVERSITY HOSPITALS NHS FOUNDATION TRUST,London,122817,88214,34603,71.8,23.2,NO,34603
2022_23,RJC,SOUTH WARWICKSHIRE NHS FOUNDATION TRUST,Midlands,86984,55946,31038,64.3,30.7,NO,31038
2022_23,RJE,UNIVERSITY HOSPITALS OF NORTH MIDLANDS NHS TRUST,Midlands,162114,72158,89956,44.5,50.5,NO,89956
2022_23,RJL,NORTHERN LINCOLNSHIRE AND GOOLE NHS FOUNDATION TRUST,Midlands,152870,91484,61386,59.8,35.2,NO,61386
2022_23,RJN,EAST CHESHIRE NHS TRUST,North West,49981,26718,23263,53.5,41.5,NO,23263
2022_23,RJR,COUNTESS OF CHESTER HOSPITAL NHS FOUNDATION TRUST,North West,79207,43056,36151,54.4,40.6,NO,36151
2022_23,RJZ,KING'S COLLEGE HOSPITAL NHS FOUNDATION TRUST,London,175823,81893,93930,46.6,48.4,NO,93930
2022_23,RK5,SHERWOOD FOREST HOSPITALS NHS FOUNDATION TRUST,Midlands,116726,78110,38616,66.9,28.1,NO,38616
2022_23,RKB,UNIVERSITY HOSPITALS COVENTRY AND WARWICKSHIRE NHS TRUST,Midlands,137480,69360,68120,50.5,44.6,NO,68120
2022_23,RKE,WHITTINGTON HEALTH NHS TRUST,London,106463,72866,33597,68.4,26.6,NO,33597
2022_23,RL4,THE ROYAL WOLVERHAMPTON NHS TRUST,Midlands,153821,105292,48529,68.5,26.6,NO,48529
2022_23,RLQ,WYE VALLEY NHS TRUST,Midlands,68815,38312,30503,55.7,39.3,NO,30503
2022_23,RLT,GEORGE ELIOT HOSPITAL NHS TRUST,Midlands,74537,51694,22843,69.4,25.7,NO,22843
2022_23,RM1,NORFOLK AND NORWICH UNIVERSITY HOSPITALS NHS FOUNDATION TRUST,East of England,125792,60249,65543,47.9,47.1,NO,65543
2022_23,RM3,NORTHERN CARE ALLIANCE,North West,287080,146989,140091,51.2,43.8,NO,140091
2022_23,RMC,BOLTON NHS FOUNDATION TRUST,North West,110934,60283,50651,54.3,40.7,NO,50651
2022_23,RMP,TAMESIDE AND GLOSSOP INTEGRATED CARE NHS FOUNDATION TRUST,North West,96574,50674,45900,52.5,42.5,NO,45900
2022_23,RN3,GREAT WESTERN HOSPITALS NHS FOUNDATION TRUST,South West,63274,34569,28705,54.6,40.4,NO,28705
2022_23,RN5,HAMPSHIRE HOSPITALS NHS FOUNDATION TRUST,South East,135851,83562,52289,61.5,33.5,NO,52289
2022_23,RN7,DARTFORD AND GRAVESHAM NHS TRUST,South East,134626,90465,44161,67.2,27.8,NO,44161
2022_23,RNA,THE DUDLEY GROUP NHS FOUNDATION TRUST,Midlands,111507,70797,40710,63.5,31.5,NO,40710
2022_23,RNN,NORTH CUMBRIA INTEGRATED CARE NHS FOUNDATION TRUST,North West,103846,63546,40300,61.2,33.8,NO,40300
2022_23,RNS,NORTHAMPTON GENERAL HOSPITAL NHS TRUST,Midlands,108518,62322,46196,57.4,37.6,NO,46196
2022_23,RNZ,SALISBURY NHS FOUNDATION TRUST,South West,50379,29713,20666,59,36,NO,20666
2022_23,RP5,DONCASTER AND BASSETLAW TEACHING HOSPITALS NHS FOUNDATION TRUST,North East and Yorkshire,151894,89722,62172,59.1,35.9,NO,62172
2022_23,RPA,MEDWAY NHS FOUNDATION TRUST,South East,100812,54884,45928,54.4,40.6,NO,45928
2022_23,RQ3,BIRMINGHAM WOMEN'S AND CHILDREN'S NHS FOUNDATION TRUST,Midlands,66830,53933,12897,80.7,14.3,NO,12897
2022_23,RQW,THE PRINCESS ALEXANDRA HOSPITAL NHS TRUST,East of England,125266,70351,54915,56.2,38.8,NO,54915
2022_23,RQX,HOMERTON HEALTHCARE NHS FOUNDATION TRUST,London,126557,101993,24564,80.6,14.4,NO,24564
2022_23,RR7,GATESHEAD HEALTH NHS FOUNDATION TRUST,North East and Yorkshire,70999,41908,29091,59,36,NO,29091
2022_23,RR8,LEEDS TEACHING HOSPITALS NHS TRUST,North East and Yorkshire,209745,105723,104022,50.4,44.6,NO,104022
2022_23,RRF,"WRIGHTINGTON, WIGAN AND LEIGH NHS FOUNDATION TRUST",North West,96464,49098,47366,50.9,44.1,NO,47366
2022_23,RRK,UNIVERSITY HOSPITALS BIRMINGHAM NHS FOUNDATION TRUST,Midlands,377214,195763,181451,51.9,43.1,NO,181451
2022_23,RRV,UNIVERSITY COLLEGE LONDON HOSPITALS NHS FOUNDATION TRUST,London,152589,101566,51023,66.6,28.4,NO,51023
2022_23,RTD,THE NEWCASTLE UPON TYNE HOSPITALS NHS FOUNDATION TRUST,North East and Yorkshire,146604,92430,54174,63.1,32,NO,54174
2022_23,RTE,GLOUCESTERSHIRE HOSPITALS NHS FOUNDATION TRUST,South West,144386,83323,61063,57.7,37.3,NO,61063
2022_23,RTF,NORTHUMBRIA HEALTHCARE NHS FOUNDATION TRUST,North East and Yorkshire,107199,87196,20003,81.3,13.7,NO,20003
2022_23,RTG,UNIVERSITY HOSPITALS OF DERBY AND BURTON NHS FOUNDATION TRUST,Midlands,183288,72386,110902,39.5,55.5,NO,110902
2022_23,RTH,OXFORD UNIVERSITY HOSPITALS NHS FOUNDATION TRUST,South East,148938,82982,65956,55.7,39.3,NO,65956
2022_23,RTK,ASHFORD AND ST PETER'S HOSPITALS NHS FOUNDATION TRUST,South East,123627,71877,51750,58.1,36.9,NO,51750
2022_23,RTP,SURREY AND SUSSEX HEALTHCARE NHS TRUST,South East,111104,67528,43576,60.8,34.2,NO,43576
2022_23,RTR,SOUTH TEES HOSPITALS NHS FOUNDATION TRUST,North East and Yorkshire,121085,64301,56784,53.1,41.9,NO,56784
2022_23,RTX,UNIVERSITY HOSPITALS OF MORECAMBE BAY NHS FOUNDATION TRUST,North West,101602,65565,36037,64.5,30.5,NO,36037
2022_23,RVJ,NORTH BRISTOL NHS TRUST,South West,97949,61609,36340,62.9,32.1,NO,36340
2022_23,RVR,EPSOM AND ST HELIER UNIVERSITY HOSPITALS NHS TRUST,London,154782,113567,41215,73.4,21.6,NO,41215
2022_23,RVV,EAST KENT HOSPITALS UNIVERSITY NHS FOUNDATION TRUST,South East,202014,114503,87511,56.7,38.3,NO,87511
2022_23,RVY,SOUTHPORT AND ORMSKIRK HOSPITAL NHS TRUST,North West,94512,62711,31801,66.4,28.7,NO,31801
2022_23,RWA,HULL UNIVERSITY TEACHING HOSPITALS NHS TRUST,North East and Yorkshire,121698,55539,66159,45.6,49.4,NO,66159
2022_23,RWD,UNITED LINCOLNSHIRE HOSPITALS NHS TRUST,Midlands,140772,64255,76517,45.6,49.4,NO,76517
2022_23,RWE,UNIVERSITY HOSPITALS OF LEICESTER NHS TRUST,Midlands,238314,121908,116406,51.2,43.9,NO,116406
2022_23,RWF,MAIDSTONE AND TUNBRIDGE WELLS NHS TRUST,South East,205684,168769,36915,82.1,13,NO,36915
2022_23,RWG,WEST HERTFORDSHIRE TEACHING HOSPITALS NHS TRUST,East of England,91921,34320,57601,37.3,57.7,NO,57601
2022_23,RWH,EAST AND NORTH HERTFORDSHIRE NHS TRUST,East of England,113588,49153,64435,43.3,51.7,NO,64435
2022_23,RWJ,STOCKPORT NHS FOUNDATION TRUST,North West,110846,66250,44596,59.8,35.2,NO,44596
2022_23,RWP,WORCESTERSHIRE ACUTE HOSPITALS NHS TRUST,Midlands,142948,70959,71989,49.6,45.4,NO,71989
2022_23,RWW,WARRINGTON AND HALTON TEACHING HOSPITALS NHS FOUNDATION TRUST,North West,86756,48532,38224,55.9,39.1,NO,38224
2022_23,RWY,CALDERDALE AND HUDDERSFIELD NHS FOUNDATION TRUST,North East and Yorkshire,173224,121498,51726,70.1,24.9,NO,51726
2022_23,RXC,EAST SUSSEX HEALTHCARE NHS TRUST,South East,115729,67618,48111,58.4,36.6,NO,48111
2022_23,RXK,SANDWELL AND WEST BIRMINGHAM HOSPITALS NHS TRUST,Midlands,180298,99716,80582,55.3,39.7,NO,80582
2022_23,RXL,BLACKPOOL TEACHING HOSPITALS NHS FOUNDATION TRUST,North West,100207,54296,45911,54.2,40.8,NO,45911
2022_23,RXN,LANCASHIRE TEACHING HOSPITALS NHS FOUNDATION TRUST,North West,118256,74164,44092,62.7,32.3,NO,44092
2022_23,RXP,COUNTY DURHAM AND DARLINGTON NHS FOUNDATION TRUST,North East and Yorkshire,143521,67464,76057,47,48,NO,76057
2022_23,RXQ,BUCKINGHAMSHIRE HEALTHCARE NHS TRUST,South East,108610,62641,45969,57.7,37.3,NO,45969
2022_23,RXR,EAST LANCASHIRE HOSPITALS NHS TRUST,North West,123577,71741,51836,58.1,37,NO,51836
2022_23,RXW,THE SHREWSBURY AND TELFORD HOSPITAL NHS TRUST,Midlands,123535,55880,67655,45.2,49.8,NO,67655
2022_23,RYR,UNIVERSITY HOSPITALS SUSSEX NHS FOUNDATION TRUST,South East,256562,131090,125472,51.1,43.9,NO,125472
2023_24,R0A,MANCHESTER UNIVERSITY NHS FOUNDATION TRUST,North West,305224,168543,136681,55.2,39.8,NO,136681
2023_24,R0B,SOUTH TYNESIDE AND SUNDERLAND NHS FOUNDATION TRUST,North East and Yorkshire,145033,80506,64527,55.5,39.5,NO,64527
2023_24,R0D,UNIVERSITY HOSPITALS DORSET NHS FOUNDATION TRUST,South West,160771,70244,64063,52.3,42.7,NO,64063
2023_24,R1F,ISLE OF WIGHT NHS TRUST,South East,44829,23129,21700,51.6,43.4,NO,21700
2023_24,R1H,BARTS HEALTH NHS TRUST,London,287186,159847,127339,55.7,39.3,NO,127339
2023_24,R1K,LONDON NORTH WEST HEALTHCARE NHS TRUST,London,154356,73060,81296,47.3,47.7,NO,81296
2023_24,RA2,ROYAL SURREY COUNTY HOSPITAL NHS FOUNDATION TRUST,South East,82408,52576,29832,63.8,31.2,NO,29832
2023_24,RA7,UNIVERSITY HOSPITALS BRISTOL AND WESTON NHS FOUNDATION TRUST,South West,177787,112543,65244,63.3,31.7,NO,65244
2023_24,RA9,TORBAY AND SOUTH DEVON NHS FOUNDATION TRUST,South West,77626,38044,39582,49,46,NO,39582
2023_24,RAE,BRADFORD TEACHING HOSPITALS NHS FOUNDATION TRUST,North East and Yorkshire,112288,79169,33119,70.5,24.5,NO,33119
2023_24,RAJ,MID AND SOUTH ESSEX NHS FOUNDATION TRUST,East of England,373761,247228,126533,66.2,28.9,NO,126533
2023_24,RAL,ROYAL FREE LONDON NHS FOUNDATION TRUST,London,196541,106293,90248,54.1,40.9,NO,90248
2023_24,RAP,NORTH MIDDLESEX UNIVERSITY HOSPITAL NHS TRUST,London,104113,51010,53103,49,46,NO,53103
2023_24,RAS,THE HILLINGDON HOSPITALS NHS FOUNDATION TRUST,London,68526,28606,39920,41.7,53.3,NO,39920
2023_24,RAX,KINGSTON HOSPITAL NHS FOUNDATION TRUST,London,84495,42603,41892,50.4,44.6,NO,41892
2023_24,RBD,DORSET COUNTY HOSPITAL NHS FOUNDATION TRUST,South West,55764,35629,20135,63.9,31.1,NO,20135
2023_24,RBK,WALSALL HEALTHCARE NHS TRUST,Midlands,101152,64501,36651,63.8,31.2,NO,36651
2023_24,RBL,WIRRAL UNIVERSITY TEACHING HOSPITAL NHS FOUNDATION TRUST,North West,96611,46698,49913,48.3,46.7,NO,49913
2023_24,RBN,MERSEY AND WEST LANCASHIRE TEACHING HOSPITALS NHS TRUST,North West,213389,125428,87961,58.8,36.2,NO,87961
2023_24,RBS,ALDER HEY CHILDREN'S NHS FOUNDATION TRUST,North West,69882,57567,12315,82.4,12.6,NO,12315
2023_24,RBT,MID CHESHIRE HOSPITALS NHS FOUNDATION TRUST,North West,86066,41541,44525,48.3,46.7,NO,44525
2023_24,RC9,BEDFORDSHIRE HOSPITALS NHS FOUNDATION TRUST,East of England,190434,99318,60908,62,33,NO,60908
2023_24,RCB,YORK TEACHING HOSPITAL NHS FOUNDATION TRUST,North East and Yorkshire,121246,52832,68414,43.6,51.4,NO,68414
2023_24,RCD,HARROGATE AND DISTRICT NHS FOUNDATION TRUST,North East and Yorkshire,59287,41526,17761,70,25,NO,17761
2023_24,RCF,AIREDALE NHS FOUNDATION TRUST,North East and Yorkshire,71527,40563,30964,56.7,38.3,NO,30964
2023_24,RCU,SHEFFIELD CHILDREN'S NHS FOUNDATION TRUST,North East and Yorkshire,57429,51769,5660,90.1,4.9,NO,5660
2023_24,RCX,"THE QUEEN ELIZABETH HOSPITAL, KING'S LYNN, NHS FOUNDATION TRUST",East of England,77008,44339,32669,57.6,37.4,NO,32669
2023_24,RD1,ROYAL UNITED HOSPITALS BATH NHS FOUNDATION TRUST,South West,98589,58654,39935,59.5,35.5,NO,39935
2023_24,RD8,MILTON KEYNES UNIVERSITY HOSPITAL NHS FOUNDATION TRUST,Midlands,101196,62344,38852,61.6,33.4,NO,38852
2023_24,RDE,EAST SUFFOLK AND NORTH ESSEX NHS FOUNDATION������TRU,East of England,174109,94426,79683,54.2,40.8,NO,79683
2023_24,RDU,FRIMLEY HEALTH NHS FOUNDATION TRUST,South East,262565,129976,90528,58.9,36.1,NO,90528
2023_24,REF,ROYAL CORNWALL HOSPITALS NHS TRUST,South West,74211,32796,41415,44.2,50.8,NO,41415
2023_24,REM,LIVERPOOL UNIVERSITY HOSPITALS NHS FOUNDATION TRUST,North West,207267,117126,90141,56.5,38.5,NO,90141
2023_24,RF4,"BARKING, HAVERING AND REDBRIDGE UNIVERSITY HOSPITALS NHS TRUST",London,143697,70505,73192,49.1,45.9,NO,73192
2023_24,RFF,BARNSLEY HOSPITAL NHS FOUNDATION TRUST,North East and Yorkshire,103732,68809,34923,66.3,28.7,NO,34923
2023_24,RFR,THE ROTHERHAM NHS FOUNDATION TRUST,North East and Yorkshire,96417,48347,32857,59.5,35.5,NO,32857
2023_24,RFS,CHESTERFIELD ROYAL HOSPITAL NHS FOUNDATION TRUST,Midlands,82822,48610,34212,58.7,36.3,NO,34212
2023_24,RGN,NORTH WEST ANGLIA NHS FOUNDATION TRUST,East of England,152170,83119,69051,54.6,40.4,NO,69051
2023_24,RGP,JAMES PAGET UNIVERSITY HOSPITALS NHS FOUNDATION TRUST,East of England,81383,50735,30648,62.3,32.7,NO,30648
2023_24,RGR,WEST SUFFOLK NHS FOUNDATION TRUST,East of England,84790,43797,27718,61.2,33.8,NO,27718
2023_24,RGT,CAMBRIDGE UNIVERSITY HOSPITALS NHS FOUNDATION TRUST,East of England,124162,48400,56364,46.2,48.8,NO,56364
2023_24,RH5,SOMERSET NHS FOUNDATION TRUST,South West,150288,91262,59026,60.7,34.3,NO,59026
2023_24,RH8,ROYAL DEVON AND EXETER NHS FOUNDATION TRUST,South West,153036,85473,67563,55.9,39.2,NO,67563
2023_24,RHM,UNIVERSITY HOSPITAL SOUTHAMPTON NHS FOUNDATION TRUST,South East,137377,85480,51897,62.2,32.8,NO,51897
2023_24,RHQ,SHEFFIELD TEACHING HOSPITALS NHS FOUNDATION TRUST,North East and Yorkshire,110852,55536,55316,50.1,44.9,NO,55316
2023_24,RHU,PORTSMOUTH HOSPITALS NHS TRUST,South East,128979,51863,56399,47.9,47.1,NO,56399
2023_24,RHW,ROYAL BERKSHIRE NHS FOUNDATION TRUST,South East,149120,98029,51091,65.7,29.3,NO,51091
2023_24,RJ1,GUY'S AND ST THOMAS' NHS FOUNDATION TRUST,London,137772,84855,52917,61.6,33.4,NO,52917
2023_24,RJ2,LEWISHAM AND GREENWICH NHS TRUST,London,159275,72873,86402,45.8,49.3,NO,86402
2023_24,RJ6,CROYDON HEALTH SERVICES NHS TRUST,London,152139,95166,56973,62.6,32.5,NO,56973
2023_24,RJ7,ST GEORGE'S UNIVERSITY HOSPITALS NHS FOUNDATION TRUST,London,110983,76258,34725,68.7,26.3,NO,34725
2023_24,RJC,SOUTH WARWICKSHIRE NHS FOUNDATION TRUST,Midlands,91402,66947,24455,73.2,21.8,NO,24455
2023_24,RJE,UNIVERSITY HOSPITALS OF NORTH MIDLANDS NHS TRUST,Midlands,165158,80757,84401,48.9,46.1,NO,84401
2023_24,RJL,NORTHERN LINCOLNSHIRE AND GOOLE NHS FOUNDATION TRUST,Midlands,174112,110146,63966,63.3,31.7,NO,63966
2023_24,RJN,EAST CHESHIRE NHS TRUST,North West,51460,28138,23322,54.7,40.3,NO,23322
2023_24,RJR,COUNTESS OF CHESTER HOSPITAL NHS FOUNDATION TRUST,North West,77033,39746,37287,51.6,43.4,NO,37287
2023_24,RJZ,KING'S COLLEGE HOSPITAL NHS FOUNDATION TRUST,London,178753,88465,90288,49.5,45.5,NO,90288
2023_24,RK5,SHERWOOD FOREST HOSPITALS NHS FOUNDATION TRUST,Midlands,124830,74400,50430,59.6,35.4,NO,50430
2023_24,RK9,PLYMOUTH HOSPITALS NHS TRUST,South West,103806,32663,55056,37.2,57.8,NO,55056
2023_24,RKB,UNIVERSITY HOSPITALS COVENTRY AND WARWICKSHIRE NHS TRUST,Midlands,136587,72617,63970,53.2,41.8,NO,63970
2023_24,RKE,WHITTINGTON HEALTH NHS TRUST,London,103891,67802,36089,65.3,29.7,NO,36089
2023_24,RL4,THE ROYAL WOLVERHAMPTON NHS TRUST,Midlands,154378,104168,50210,67.5,27.5,NO,50210
2023_24,RLQ,WYE VALLEY NHS TRUST,Midlands,70471,39630,30841,56.2,38.8,NO,30841
2023_24,RLT,GEORGE ELIOT HOSPITAL NHS TRUST,Midlands,77420,52169,25251,67.4,27.6,NO,25251
2023_24,RM1,NORFOLK AND NORWICH UNIVERSITY HOSPITALS NHS FOUNDATION TRUST,East of England,135572,83563,52009,61.6,33.4,NO,52009
2023_24,RM3,NORTHERN CARE ALLIANCE NHS FOUNDATION TRUST,North West,294540,160610,133930,54.5,40.5,NO,133930
2023_24,RMC,BOLTON NHS FOUNDATION TRUST,North West,107421,59467,47954,55.4,39.6,NO,47954
2023_24,RMP,TAMESIDE AND GLOSSOP INTEGRATED CARE NHS FOUNDATION TRUST,North West,100721,53630,47091,53.3,41.8,NO,47091
2023_24,RN3,GREAT WESTERN HOSPITALS NHS FOUNDATION TRUST,South West,63189,33440,29749,52.9,42.1,NO,29749
2023_24,RN5,HAMPSHIRE HOSPITALS NHS FOUNDATION TRUST,South East,144262,91194,53068,63.2,31.8,NO,53068
2023_24,RN7,DARTFORD AND GRAVESHAM NHS TRUST,South East,134835,91335,43500,67.7,27.3,NO,43500
2023_24,RNA,THE DUDLEY GROUP NHS FOUNDATION TRUST,Midlands,113102,67791,45311,59.9,35.1,NO,45311
2023_24,RNN,NORTH CUMBRIA INTEGRATED CARE NHS FOUNDATION TRUST,North West,108316,63976,44340,59.1,35.9,NO,44340
2023_24,RNQ,KETTERING GENERAL HOSPITAL NHS FOUNDATION TRUST,Midlands,114128,52643,43339,54.9,40.2,NO,43339
2023_24,RNS,NORTHAMPTON GENERAL HOSPITAL NHS TRUST,Midlands,110147,61791,48356,56.1,38.9,NO,48356
2023_24,RNZ,SALISBURY NHS FOUNDATION TRUST,South West,53235,33061,20174,62.1,32.9,NO,20174
2023_24,RP5,DONCASTER AND BASSETLAW TEACHING HOSPITALS NHS FOUNDATION TRUST,North East and Yorkshire,155812,91877,63935,59,36,NO,63935
2023_24,RPA,MEDWAY NHS FOUNDATION TRUST,South East,102379,64809,37570,63.3,31.7,NO,37570
2023_24,RQ3,BIRMINGHAM WOMEN'S AND CHILDREN'S NHS FOUNDATION TRUST,Midlands,59672,46851,12821,78.5,16.5,NO,12821
2023_24,RQM,CHELSEA AND WESTMINSTER HOSPITAL NHS FOUNDATION TRUST,London,232935,143113,51903,73.4,21.6,NO,51903
2023_24,RQW,THE PRINCESS ALEXANDRA HOSPITAL NHS TRUST,East of England,108154,51742,56412,47.8,47.2,NO,56412
2023_24,RQX,HOMERTON UNIVERSITY HOSPITAL NHS FOUNDATION TRUST,London,125468,101696,23772,81.1,14,NO,23772
2023_24,RR7,GATESHEAD HEALTH NHS FOUNDATION TRUST,North East and Yorkshire,71630,38916,32714,54.3,40.7,NO,32714
2023_24,RR8,LEEDS TEACHING HOSPITALS NHS TRUST,North East and Yorkshire,205663,116819,88844,56.8,38.2,NO,88844
2023_24,RRF,"WRIGHTINGTON, WIGAN AND LEIGH NHS FOUNDATION TRUST",North West,88072,41635,46437,47.3,47.7,NO,46437
2023_24,RRK,UNIVERSITY HOSPITALS BIRMINGHAM NHS FOUNDATION TRUST,Midlands,392092,207561,184531,52.9,42.1,NO,184531
2023_24,RRV,UNIVERSITY COLLEGE LONDON HOSPITALS NHS FOUNDATION TRUST,London,153262,107478,45784,70.1,24.9,NO,45784
2023_24,RTD,THE NEWCASTLE UPON TYNE HOSPITALS NHS FOUNDATION TRUST,North East and Yorkshire,145726,88686,57040,60.9,34.1,NO,57040
2023_24,RTE,GLOUCESTERSHIRE HOSPITALS NHS FOUNDATION TRUST,South West,150071,88241,61830,58.8,36.2,NO,61830
2023_24,RTF,NORTHUMBRIA HEALTHCARE NHS FOUNDATION TRUST,North East and Yorkshire,115373,88256,27117,76.5,18.5,NO,27117
2023_24,RTG,UNIVERSITY HOSPITALS OF DERBY AND BURTON NHS FOUNDATION TRUST��,Midlands,223714,117944,105770,52.7,42.3,NO,105770
2023_24,RTH,OXFORD UNIVERSITY HOSPITALS NHS FOUNDATION TRUST,South East,155789,92788,63001,59.6,35.4,NO,63001
2023_24,RTK,ASHFORD AND ST PETER'S HOSPITALS NHS FOUNDATION TRUST,South East,115150,68803,46347,59.8,35.3,NO,46347
2023_24,RTP,SURREY AND SUSSEX HEALTHCARE NHS TRUST,South East,119505,82287,37218,68.9,26.1,NO,37218
2023_24,RTR,SOUTH TEES HOSPITALS NHS FOUNDATION TRUST,North East and Yorkshire,122622,69303,53319,56.5,38.5,NO,53319
2023_24,RTX,UNIVERSITY HOSPITALS OF MORECAMBE BAY NHS FOUNDATION TRUST,North West,96389,59893,36496,62.1,32.9,NO,36496
2023_24,RVJ,NORTH BRISTOL NHS TRUST,South West,105818,71882,33936,67.9,27.1,NO,33936
2023_24,RVR,EPSOM AND ST HELIER UNIVERSITY HOSPITALS NHS TRUST,London,153836,116202,37634,75.5,19.5,NO,37634
2023_24,RVV,EAST KENT HOSPITALS UNIVERSITY NHS FOUNDATION TRUST,South East,148023,68278,79745,46.1,48.9,NO,79745
2023_24,RVW,NORTH TEES AND HARTLEPOOL NHS FOUNDATION TRUST,North East and Yorkshire,54202,22497,23041,49.4,45.6,NO,23041
2023_24,RWA,HULL AND EAST YORKSHIRE HOSPITALS NHS TRUST,North East and Yorkshire,128513,62600,65913,48.7,46.3,NO,65913
2023_24,RWD,UNITED LINCOLNSHIRE HOSPITALS NHS TRUST,Midlands,136703,53417,83286,39.1,55.9,NO,83286
2023_24,RWE,UNIVERSITY HOSPITALS OF LEICESTER NHS TRUST,Midlands,246982,132918,114064,53.8,41.2,NO,114064
2023_24,RWF,MAIDSTONE AND TUNBRIDGE WELLS NHS TRUST,South East,221234,185421,35813,83.8,11.2,NO,35813
2023_24,RWG,WEST HERTFORDSHIRE HOSPITALS NHS TRUST,East of England,92585,42581,50004,46,49,NO,50004
2023_24,RWH,EAST AND NORTH HERTFORDSHIRE NHS TRUST,East of England,113513,49839,63674,43.9,51.1,NO,63674
2023_24,RWJ,STOCKPORT NHS FOUNDATION TRUST,North West,113207,70233,42974,62,33,NO,42974
2023_24,RWP,WORCESTERSHIRE ACUTE HOSPITALS NHS TRUST,Midlands,147967,71067,76900,48,47,NO,76900
2023_24,RWW,WARRINGTON AND HALTON HOSPITALS NHS FOUNDATION TRUST,North West,88311,47212,41099,53.5,41.5,NO,41099
2023_24,RWY,CALDERDALE AND HUDDERSFIELD NHS FOUNDATION TRUST,North East and Yorkshire,177149,122813,54336,69.3,25.7,NO,54336
2023_24,RX1,NOTTINGHAM UNIVERSITY HOSPITALS NHS TRUST,Midlands,189096,67641,90314,42.8,52.2,NO,90314
2023_24,RXC,EAST SUSSEX HEALTHCARE NHS TRUST,South East,120114,77713,42401,64.7,30.3,NO,42401
2023_24,RXF,MID YORKSHIRE HOSPITALS NHS TRUST,North East and Yorkshire,200368,101007,67311,60,35,NO,67311
2023_24,RXK,SANDWELL AND WEST BIRMINGHAM HOSPITALS NHS TRUST,Midlands,180327,93185,87142,51.7,43.3,NO,87142
2023_24,RXL,BLACKPOOL TEACHING HOSPITALS NHS FOUNDATION TRUST,North West,104966,56828,48138,54.1,40.9,NO,48138
2023_24,RXN,LANCASHIRE TEACHING HOSPITALS NHS FOUNDATION TRUST,North West,145098,89876,55222,61.9,33.1,NO,55222
2023_24,RXP,COUNTY DURHAM AND DARLINGTON NHS FOUNDATION TRUST,North East and Yorkshire,153657,79684,73973,51.9,43.1,NO,73973
2023_24,RXQ,BUCKINGHAMSHIRE HEALTHCARE NHS TRUST,South East,113536,65874,47662,58,37,NO,47662
2023_24,RXR,EAST LANCASHIRE HOSPITALS NHS TRUST,North West,142467,90440,52027,63.5,31.5,NO,52027
2023_24,RXW,SHREWSBURY AND TELFORD HOSPITAL NHS TRUST,Midlands,125863,54425,71438,43.2,51.8,NO,71438
2023_24,RYJ,IMPERIAL COLLEGE HEALTHCARE NHS TRUST,London,145287,68967,53195,56.5,38.5,NO,53195
2023_24,RYR,UNIVERSITY HOSPITALS SUSSEX NHS FOUNDATION TRUST,South East,297096,174748,122348,58.8,36.2,NO,122348
2024_25,R0A,MANCHESTER UNIVERSITY NHS FOUNDATION TRUST,North West,334249,182205,152044,54.5,40.5,NO,152044
2024_25,R0B,SOUTH TYNESIDE AND SUNDERLAND NHS FOUNDATION TRUST,North East and Yorkshire,143128,75889,67239,53,42,NO,67239
2024_25,R0D,UNIVERSITY HOSPITALS DORSET NHS FOUNDATION TRUST,South West,157843,95050,62793,60.2,34.8,NO,62793
2024_25,R1F,ISLE OF WIGHT NHS TRUST,South East,51674,29670,22004,57.4,37.6,NO,22004
2024_25,R1H,BARTS HEALTH NHS TRUST,London,296021,158340,137681,53.5,41.5,NO,137681
2024_25,R1K,LONDON NORTH WEST HEALTHCARE NHS TRUST,London,160274,77411,82863,48.3,46.7,NO,82863
2024_25,RA2,ROYAL SURREY COUNTY HOSPITAL NHS FOUNDATION TRUST,South East,88052,63897,24155,72.6,22.4,NO,24155
2024_25,RA7,UNIVERSITY HOSPITALS BRISTOL AND WESTON NHS FOUNDATION TRUST,South West,183498,116416,67082,63.4,31.6,NO,67082
2024_25,RA9,TORBAY AND SOUTH DEVON NHS FOUNDATION TRUST,South West,80042,42463,37579,53.1,42,NO,37579
2024_25,RAE,BRADFORD TEACHING HOSPITALS NHS FOUNDATION TRUST,North East and Yorkshire,111214,83188,28026,74.8,20.2,NO,28026
2024_25,RAJ,MID AND SOUTH ESSEX NHS FOUNDATION TRUST,East of England,360524,239751,120773,66.5,28.5,NO,120773
2024_25,RAL,ROYAL FREE LONDON NHS FOUNDATION TRUST,London,233703,144973,88730,62,33,NO,88730
2024_25,RAP,NORTH MIDDLESEX UNIVERSITY HOSPITAL NHS TRUST,London,73654,32432,41222,44,51,NO,41222
2024_25,RAS,THE HILLINGDON HOSPITALS NHS FOUNDATION TRUST,London,72239,31640,40599,43.8,51.2,NO,40599
2024_25,RAX,KINGSTON HOSPITAL NHS FOUNDATION TRUST,London,84752,44146,40606,52.1,42.9,NO,40606
2024_25,RBD,DORSET COUNTY HOSPITAL NHS FOUNDATION TRUST,South West,54467,33047,21420,60.7,34.3,NO,21420
2024_25,RBK,WALSALL HEALTHCARE NHS TRUST,Midlands,109753,72837,36916,66.4,28.6,NO,36916
2024_25,RBL,WIRRAL UNIVERSITY TEACHING HOSPITAL NHS FOUNDATION TRUST,North West,90621,40871,49750,45.1,49.9,NO,49750
2024_25,RBN,MERSEY AND WEST LANCASHIRE TEACHING HOSPITALS NHS TRUST,North West,206462,128856,77606,62.4,32.6,NO,77606
2024_25,RBS,ALDER HEY CHILDREN'S NHS FOUNDATION TRUST,North West,67676,55919,11757,82.6,12.4,NO,11757
2024_25,RBT,MID CHESHIRE HOSPITALS NHS FOUNDATION TRUST,North West,85015,36583,48432,43,52,NO,48432
2024_25,RC9,BEDFORDSHIRE HOSPITALS NHS FOUNDATION TRUST,East of England,193756,114565,79191,59.1,35.9,NO,79191
2024_25,RCB,YORK TEACHING HOSPITAL NHS FOUNDATION TRUST,North East and Yorkshire,128915,55932,72983,43.4,51.6,NO,72983
2024_25,RCD,HARROGATE AND DISTRICT NHS FOUNDATION TRUST,North East and Yorkshire,63592,43633,19959,68.6,26.4,NO,19959
2024_25,RCF,AIREDALE NHS FOUNDATION TRUST,North East and Yorkshire,75454,46722,28732,61.9,33.1,NO,28732
2024_25,RCU,SHEFFIELD CHILDREN'S NHS FOUNDATION TRUST,North East and Yorkshire,57741,52278,5463,90.5,4.5,NO,5463
2024_25,RCX,"THE QUEEN ELIZABETH HOSPITAL, KING'S LYNN, NHS FOUNDATION TRUST",East of England,79824,47952,31872,60.1,34.9,NO,31872
2024_25,RD1,ROYAL UNITED HOSPITALS BATH NHS FOUNDATION TRUST,South West,101464,60883,40581,60,35,NO,40581
2024_25,RD8,MILTON KEYNES UNIVERSITY HOSPITAL NHS FOUNDATION TRUST,Midlands,105541,62731,42810,59.4,35.6,NO,42810
2024_25,RDE,EAST SUFFOLK AND NORTH ESSEX NHS FOUNDATION������TRU,East of England,174617,94303,80314,54,41,NO,80314
2024_25,RDU,FRIMLEY HEALTH NHS FOUNDATION TRUST,South East,269612,154425,115187,57.3,37.7,NO,115187
2024_25,REF,ROYAL CORNWALL HOSPITALS NHS TRUST,South West,76158,33350,42808,43.8,51.2,NO,42808
2024_25,REM,LIVERPOOL UNIVERSITY HOSPITALS NHS FOUNDATION TRUST,North West,188706,99474,89232,52.7,42.3,NO,89232
2024_25,RF4,"BARKING, HAVERING AND REDBRIDGE UNIVERSITY HOSPITALS NHS TRUST",London,157718,87874,69844,55.7,39.3,NO,69844
2024_25,RFF,BARNSLEY HOSPITAL NHS FOUNDATION TRUST,North East and Yorkshire,106878,72135,34743,67.5,27.5,NO,34743
2024_25,RFR,THE ROTHERHAM NHS FOUNDATION TRUST,North East and Yorkshire,104709,67219,37490,64.2,30.8,NO,37490
2024_25,RFS,CHESTERFIELD ROYAL HOSPITAL NHS FOUNDATION TRUST,Midlands,86471,45541,40930,52.7,42.3,NO,40930
2024_25,RGN,NORTH WEST ANGLIA NHS FOUNDATION TRUST,East of England,174061,102247,71814,58.7,36.3,NO,71814
2024_25,RGP,JAMES PAGET UNIVERSITY HOSPITALS NHS FOUNDATION TRUST,East of England,87260,50476,36784,57.9,37.2,NO,36784
2024_25,RGR,WEST SUFFOLK NHS FOUNDATION TRUST,East of England,91969,60363,31606,65.6,29.4,NO,31606
2024_25,RGT,CAMBRIDGE UNIVERSITY HOSPITALS NHS FOUNDATION TRUST,East of England,129089,66976,62113,51.9,43.1,NO,62113
2024_25,RH5,SOMERSET NHS FOUNDATION TRUST,South West,152451,86501,65950,56.7,38.3,NO,65950
2024_25,RH8,ROYAL DEVON AND EXETER NHS FOUNDATION TRUST,South West,161723,97610,64113,60.4,34.6,NO,64113
2024_25,RHM,UNIVERSITY HOSPITAL SOUTHAMPTON NHS FOUNDATION TRUST,South East,143096,89875,53221,62.8,32.2,NO,53221
2024_25,RHQ,SHEFFIELD TEACHING HOSPITALS NHS FOUNDATION TRUST,North East and Yorkshire,112305,53557,58748,47.7,47.3,NO,58748
2024_25,RHU,PORTSMOUTH HOSPITALS NHS TRUST,South East,137115,71600,65515,52.2,42.8,NO,65515
2024_25,RHW,ROYAL BERKSHIRE NHS FOUNDATION TRUST,South East,146408,93364,53044,63.8,31.2,NO,53044
2024_25,RJ1,GUY'S AND ST THOMAS' NHS FOUNDATION TRUST,London,123111,72977,50134,59.3,35.7,NO,50134
2024_25,RJ2,LEWISHAM AND GREENWICH NHS TRUST,London,169016,81955,87061,48.5,46.5,NO,87061
2024_25,RJ6,CROYDON HEALTH SERVICES NHS TRUST,London,155579,99970,55609,64.3,30.7,NO,55609
2024_25,RJ7,ST GEORGE'S UNIVERSITY HOSPITALS NHS FOUNDATION TRUST,London,113255,82136,31119,72.5,22.5,NO,31119
2024_25,RJC,SOUTH WARWICKSHIRE NHS FOUNDATION TRUST,Midlands,98646,66925,31721,67.8,27.2,NO,31721
2024_25,RJE,UNIVERSITY HOSPITALS OF NORTH MIDLANDS NHS TRUST,Midlands,170148,82340,87808,48.4,46.6,NO,87808
2024_25,RJL,NORTHERN LINCOLNSHIRE AND GOOLE NHS FOUNDATION TRUST,Midlands,112456,58279,54177,51.8,43.2,NO,54177
2024_25,RJN,EAST CHESHIRE NHS TRUST,North West,52484,26971,25513,51.4,43.6,NO,25513
2024_25,RJR,COUNTESS OF CHESTER HOSPITAL NHS FOUNDATION TRUST,North West,60536,27867,32669,46,49,NO,32669
2024_25,RJZ,KING'S COLLEGE HOSPITAL NHS FOUNDATION TRUST,London,185473,103613,81860,55.9,39.1,NO,81860
2024_25,RK5,SHERWOOD FOREST HOSPITALS NHS FOUNDATION TRUST,Midlands,131784,77978,53806,59.2,35.8,NO,53806
2024_25,RK9,PLYMOUTH HOSPITALS NHS TRUST,South West,108066,50053,58013,46.3,48.7,NO,58013
2024_25,RKB,UNIVERSITY HOSPITALS COVENTRY AND WARWICKSHIRE NHS TRUST,Midlands,141422,73025,68397,51.6,43.4,NO,68397
2024_25,RKE,WHITTINGTON HEALTH NHS TRUST,London,109331,77424,31907,70.8,24.2,NO,31907
2024_25,RL4,THE ROYAL WOLVERHAMPTON NHS TRUST,Midlands,153433,106030,47403,69.1,25.9,NO,47403
2024_25,RLQ,WYE VALLEY NHS TRUST,Midlands,73603,43585,30018,59.2,35.8,NO,30018
2024_25,RLT,GEORGE ELIOT HOSPITAL NHS TRUST,Midlands,82221,54124,28097,65.8,29.2,NO,28097
2024_25,RM1,NORFOLK AND NORWICH UNIVERSITY HOSPITALS NHS FOUNDATION TRUST,East of England,146086,99073,47013,67.8,27.2,NO,47013
2024_25,RM3,NORTHERN CARE ALLIANCE NHS FOUNDATION TRUST,North West,301260,168645,132615,56,39,NO,132615
2024_25,RMC,BOLTON NHS FOUNDATION TRUST,North West,95378,48478,46900,50.8,44.2,NO,46900
2024_25,RMP,TAMESIDE AND GLOSSOP INTEGRATED CARE NHS FOUNDATION TRUST,North West,106151,57997,48154,54.6,40.4,NO,48154
2024_25,RN3,GREAT WESTERN HOSPITALS NHS FOUNDATION TRUST,South West,65330,35981,29349,55.1,39.9,NO,29349
2024_25,RN5,HAMPSHIRE HOSPITALS NHS FOUNDATION TRUST,South East,141902,82339,59563,58,37,NO,59563
2024_25,RN7,DARTFORD AND GRAVESHAM NHS TRUST,South East,134444,90691,43753,67.5,27.5,NO,43753
2024_25,RNA,THE DUDLEY GROUP NHS FOUNDATION TRUST,Midlands,111727,80040,31687,71.6,23.4,NO,31687
2024_25,RNN,NORTH CUMBRIA INTEGRATED CARE NHS FOUNDATION TRUST,North West,109239,61458,47781,56.3,38.7,NO,47781
2024_25,RNQ,KETTERING GENERAL HOSPITAL NHS FOUNDATION TRUST,Midlands,120767,77091,43676,63.8,31.2,NO,43676
2024_25,RNS,NORTHAMPTON GENERAL HOSPITAL NHS TRUST,Midlands,132426,83885,48541,63.3,31.7,NO,48541
2024_25,RNZ,SALISBURY NHS FOUNDATION TRUST,South West,56868,32681,24187,57.5,37.5,NO,24187
2024_25,RP5,DONCASTER AND BASSETLAW TEACHING HOSPITALS NHS FOUNDATION TRUST,North East and Yorkshire,160609,102296,58313,63.7,31.3,NO,58313
2024_25,RPA,MEDWAY NHS FOUNDATION TRUST,South East,108129,71609,36520,66.2,28.8,NO,36520
2024_25,RQ3,BIRMINGHAM WOMEN'S AND CHILDREN'S NHS FOUNDATION TRUST,Midlands,61982,49373,12609,79.7,15.3,NO,12609
2024_25,RQM,CHELSEA AND WESTMINSTER HOSPITAL NHS FOUNDATION TRUST,London,240068,172640,67428,71.9,23.1,NO,67428
2024_25,RQW,THE PRINCESS ALEXANDRA HOSPITAL NHS TRUST,East of England,96768,47396,49372,49,46,NO,49372
2024_25,RQX,HOMERTON UNIVERSITY HOSPITAL NHS FOUNDATION TRUST,London,131757,107077,24680,81.3,13.7,NO,24680
2024_25,RR7,GATESHEAD HEALTH NHS FOUNDATION TRUST,North East and Yorkshire,70988,39347,31641,55.4,39.6,NO,31641
2024_25,RR8,LEEDS TEACHING HOSPITALS NHS TRUST,North East and Yorkshire,209160,122710,86450,58.7,36.3,NO,86450
2024_25,RRF,"WRIGHTINGTON, WIGAN AND LEIGH NHS FOUNDATION TRUST",North West,85408,42462,42946,49.7,45.3,NO,42946
2024_25,RRK,UNIVERSITY HOSPITALS BIRMINGHAM NHS FOUNDATION TRUST,Midlands,404795,238035,166760,58.8,36.2,NO,166760
2024_25,RRV,UNIVERSITY COLLEGE LONDON HOSPITALS NHS FOUNDATION TRUST,London,159163,114052,45111,71.7,23.3,NO,45111
2024_25,RTD,THE NEWCASTLE UPON TYNE HOSPITALS NHS FOUNDATION TRUST,North East and Yorkshire,145860,87614,58246,60.1,34.9,NO,58246
2024_25,RTE,GLOUCESTERSHIRE HOSPITALS NHS FOUNDATION TRUST,South West,155224,94585,60639,60.9,34.1,NO,60639
2024_25,RTF,NORTHUMBRIA HEALTHCARE NHS FOUNDATION TRUST,North East and Yorkshire,116469,84005,32464,72.1,22.9,NO,32464
2024_25,RTG,UNIVERSITY HOSPITALS OF DERBY AND BURTON NHS FOUNDATION TRUST��,Midlands,253226,142434,110792,56.3,38.8,NO,110792
2024_25,RTH,OXFORD UNIVERSITY HOSPITALS NHS FOUNDATION TRUST,South East,163761,104609,59152,63.9,31.1,NO,59152
2024_25,RTK,ASHFORD AND ST PETER'S HOSPITALS NHS FOUNDATION TRUST,South East,120886,80672,40214,66.7,28.3,NO,40214
2024_25,RTP,SURREY AND SUSSEX HEALTHCARE NHS TRUST,South East,124839,82032,42807,65.7,29.3,NO,42807
2024_25,RTR,SOUTH TEES HOSPITALS NHS FOUNDATION TRUST,North East and Yorkshire,90247,43774,46473,48.5,46.5,NO,46473
2024_25,RTX,UNIVERSITY HOSPITALS OF MORECAMBE BAY NHS FOUNDATION TRUST,North West,109793,73991,35802,67.4,27.6,NO,35802
2024_25,RVJ,NORTH BRISTOL NHS TRUST,South West,106784,65019,41765,60.9,34.1,NO,41765
2024_25,RVR,EPSOM AND ST HELIER UNIVERSITY HOSPITALS NHS TRUST,London,136706,98392,38314,72,23,NO,38314
2024_25,RVV,EAST KENT HOSPITALS UNIVERSITY NHS FOUNDATION TRUST,South East,154314,81761,72553,53,42,NO,72553
2024_25,RVW,NORTH TEES AND HARTLEPOOL NHS FOUNDATION TRUST,North East and Yorkshire,57400,29845,27555,52,43,NO,27555
2024_25,RWA,HULL AND EAST YORKSHIRE HOSPITALS NHS TRUST,North East and Yorkshire,110011,47443,62568,43.1,51.9,NO,62568
2024_25,RWD,UNITED LINCOLNSHIRE HOSPITALS NHS TRUST,Midlands,138219,61922,76297,44.8,50.2,NO,76297
2024_25,RWE,UNIVERSITY HOSPITALS OF LEICESTER NHS TRUST,Midlands,260616,148979,111637,57.2,37.8,NO,111637
2024_25,RWF,MAIDSTONE AND TUNBRIDGE WELLS NHS TRUST,South East,225162,182429,42733,81,14,NO,42733
2024_25,RWG,WEST HERTFORDSHIRE HOSPITALS NHS TRUST,East of England,99026,62639,36387,63.3,31.7,NO,36387
2024_25,RWH,EAST AND NORTH HERTFORDSHIRE NHS TRUST,East of England,107900,50131,57769,46.5,48.5,NO,57769
2024_25,RWJ,STOCKPORT NHS FOUNDATION TRUST,North West,97132,57098,40034,58.8,36.2,NO,40034
2024_25,RWP,WORCESTERSHIRE ACUTE HOSPITALS NHS TRUST,Midlands,155956,74853,81103,48,47,NO,81103
2024_25,RWW,WARRINGTON AND HALTON HOSPITALS NHS FOUNDATION TRUST,North West,84722,42159,42563,49.8,45.2,NO,42563
2024_25,RWY,CALDERDALE AND HUDDERSFIELD NHS FOUNDATION TRUST,North East and Yorkshire,184579,127710,56869,69.2,25.8,NO,56869
2024_25,RX1,NOTTINGHAM UNIVERSITY HOSPITALS NHS TRUST,Midlands,187871,93804,94067,49.9,45.1,NO,94067
2024_25,RXC,EAST SUSSEX HEALTHCARE NHS TRUST,South East,123781,80807,42974,65.3,29.7,NO,42974
2024_25,RXF,MID YORKSHIRE HOSPITALS NHS TRUST,North East and Yorkshire,199209,118400,80809,59.4,35.6,NO,80809
2024_25,RXK,SANDWELL AND WEST BIRMINGHAM HOSPITALS NHS TRUST,Midlands,167776,92746,75030,55.3,39.7,NO,75030
2024_25,RXL,BLACKPOOL TEACHING HOSPITALS NHS FOUNDATION TRUST,North West,108225,58733,49492,54.3,40.7,NO,49492
2024_25,RXN,LANCASHIRE TEACHING HOSPITALS NHS FOUNDATION TRUST,North West,144230,89349,54881,62,33.1,NO,54881
2024_25,RXP,COUNTY DURHAM AND DARLINGTON NHS FOUNDATION TRUST,North East and Yorkshire,153436,88052,65384,57.4,37.6,NO,65384
2024_25,RXQ,BUCKINGHAMSHIRE HEALTHCARE NHS TRUST,South East,123233,77985,45248,63.3,31.7,NO,45248
2024_25,RXR,EAST LANCASHIRE HOSPITALS NHS TRUST,North West,155298,101113,54185,65.1,29.9,NO,54185
2024_25,RXW,SHREWSBURY AND TELFORD HOSPITAL NHS TRUST,Midlands,124200,53100,71100,42.8,52.3,NO,71100
2024_25,RYJ,IMPERIAL COLLEGE HEALTHCARE NHS TRUST,London,142021,82527,59494,58.1,36.9,NO,59494
2024_25,RYR,UNIVERSITY HOSPITALS SUSSEX NHS FOUNDATION TRUST,South East,292691,171100,121591,58.5,36.5,NO,121591
